{
  "model_name": "engagement_prediction_gb",
  "target_name": "engagement_score",
  "model_type": "gradient_boosting",
  "creation_time": "2025-03-15T18:06:52.392440",
  "metrics": {
    "mse": 0.16109173098649757,
    "rmse": 0.40136234375748003,
    "mae": 0.2551837898439059,
    "r2": 0.9753767516601806
  },
  "feature_importances": {
    "like_view_ratio_norm": 0.41751016522416673,
    "engagement_score_norm": 0.19203599242524141,
    "comment_view_ratio_norm": 0.11501285814672509,
    "views_norm": 0.07191428761201606,
    "likes_norm": 0.058198653347130355,
    "comments_norm": 0.03933922877222354,
    "title_has_brackets": 0.016429483705401714,
    "duration_seconds_log": 0.014907690282228228,
    "views_log": 0.014880900632028272,
    "comments_log": 0.012798341829923902,
    "duration_seconds_norm": 0.0067249920685945805,
    "title_length_norm": 0.006175069845458081,
    "likes_log": 0.0060413411586660234,
    "category_10": 0.005389520855504613,
    "title_word_count_norm": 0.005084322090102152,
    "title_uniqueness": 0.004652961542104764,
    "title_has_number": 0.002707727516827945,
    "title_caps_count_norm": 0.0020670934835329098,
    "duration_Long": 0.0018638959074544585,
    "channel_trending_count_norm": 0.0016792458092628893
  },
  "features": [
    "category_1",
    "category_10",
    "category_15",
    "category_17",
    "category_2",
    "category_20",
    "category_22",
    "category_23",
    "category_24",
    "category_25",
    "category_26",
    "category_27",
    "category_28",
    "duration_Extended",
    "duration_Long",
    "duration_Medium",
    "duration_Short",
    "duration_Very Long",
    "duration_Very Short",
    "views_log",
    "likes_log",
    "comments_log",
    "duration_seconds_log",
    "views_norm",
    "likes_norm",
    "comments_norm",
    "duration_seconds_norm",
    "tag_count_norm",
    "title_length_norm",
    "title_word_count_norm",
    "like_view_ratio_norm",
    "comment_view_ratio_norm",
    "engagement_score_norm",
    "title_caps_count_norm",
    "channel_trending_count_norm",
    "title_has_number",
    "title_has_question",
    "title_has_exclamation",
    "title_has_special",
    "title_has_brackets",
    "title_caps_count",
    "clickbait_score",
    "title_positive_words",
    "title_negative_words",
    "title_sentiment_score",
    "title_is_emotional",
    "title_uniqueness"
  ]
}